variable,coef,std_err,dv,model,effect_pct,ci_low,ci_high
Posts_lag1,0.011582249644577363,0.011930029487222462,Protests,Daily,1.1649583606474057,-1.1731254048940154,3.5583574006734953
Active_Accounts_lag1,-0.014255326775391111,0.003946961134740394,Protests,Daily,-1.4154200703352937,-2.175132328557594,-0.6498078530429607
Posts_lag1,0.43351832928381184,0.008788776726368968,participants,Daily,54.2675627457903,51.63290678639025,56.947996446786895
Active_Accounts_lag1,-0.28783906279430155,0.004644185575094305,participants,Daily,-25.01177335151362,-25.691264203189267,-24.326069127849337
Posts_lag1,-0.0006252538816367418,0.004579690578430423,Protests,Weekly,-0.06250584511617863,-0.9555500688403384,0.8385906014844791
Active_Accounts_lag1,-0.0015491918660069195,0.0009230844618631712,Protests,Weekly,-0.15479924877237483,-0.3352804168398449,0.026008749613426474
Posts_lag1,-0.0018303733013908998,0.002654176882452287,Protests,Monthly,-0.18286991897519256,-0.7007889407313783,0.33775043454622455
Active_Accounts_lag1,-7.611582219489471e-05,0.0003819332831034834,Protests,Monthly,-0.007611292545917081,-0.08243650813284376,0.06726995736261454
